{"2018": {"N_communities": [1, 1, 2, 3, 4, 5, 6, 6, 8, 7, 9, 11, 14, 18, 23, 28, 31, 36, 38, 42, 46, 51, 55, 62, 61, 66, 71, 73, 79, 79, 83, 91, 96, 94, 96, 102, 106, 114, 115, 120, 126, 130, 132, 136, 140, 145, 149, 158], "Avg_comm_size": [1001.0, 1001.0, 500.5, 333.6666666666667, 250.25, 200.2, 166.83333333333334, 166.83333333333334, 125.125, 143.0, 111.22222222222223, 91.0, 71.5, 55.611111111111114, 43.52173913043478, 35.75, 32.29032258064516, 27.805555555555557, 26.342105263157894, 23.833333333333332, 21.76086956521739, 19.627450980392158, 18.2, 16.14516129032258, 16.40983606557377, 15.166666666666666, 14.098591549295774, 13.712328767123287, 12.670886075949367, 12.670886075949367, 12.060240963855422, 11.0, 10.427083333333334, 10.648936170212766, 10.427083333333334, 9.813725490196079, 9.443396226415095, 8.780701754385966, 8.704347826086957, 8.341666666666667, 7.944444444444445, 7.7, 7.583333333333333, 7.360294117647059, 7.15, 6.903448275862069, 6.718120805369128, 6.3354430379746836], "Sigma_comm_size": [0.0, 0.0, 63.5, 182.08117847695175, 136.11828495834055, 133.3317666574624, 151.08873404577704, 129.29219706626623, 88.95706478408559, 123.08185429681687, 72.88770324238936, 61.75464649430327, 40.505290659722114, 30.96079759396261, 22.36625868155441, 27.913930214142187, 19.07403834025766, 16.33812760325512, 16.713178405377366, 15.09480621283939, 11.980391193817496, 12.582217118622065, 10.989912730235023, 10.086475733174641, 9.400692421620462, 8.873835106364638, 8.974384406802246, 8.709118905554698, 7.592003653057207, 7.38236269507973, 6.956576844089308, 6.667948594698257, 6.682914770247253, 6.626361677499362, 6.628135722789796, 6.3194849507132655, 5.523671510527412, 5.74877373946312, 5.368140983445522, 4.935409191636382, 5.170590761058368, 4.828839644023428, 5.113916939552936, 4.804521146056761, 4.945308021607089, 4.712893741613364, 4.589279215405147, 4.45314674617375], "Median_comm_size": [1001.0, 1001.0, 500.5, 428.0, 232.0, 194.0, 139.0, 135.5, 102.0, 88.0, 94.0, 92.0, 67.5, 64.5, 37.0, 28.5, 31.0, 27.0, 24.0, 20.5, 21.0, 17.0, 15.0, 13.5, 15.0, 13.0, 13.0, 12.0, 12.0, 11.0, 11.0, 10.0, 10.0, 9.0, 9.0, 9.0, 8.5, 7.5, 8.0, 7.0, 7.0, 7.0, 6.0, 6.0, 6.0, 6.0, 5.0, 5.0], "Modularity_score": [1.0, 0.9, 0.829849219255798, 0.7786516583825058, 0.7402773980104782, 0.7066534073201564, 0.6795257277247658, 0.65405430072493, 0.6071301044038818, 0.60646146021239, 0.5959028771625318, 0.5305400948046913, 0.4790686375679995, 0.4436043810921596, 0.4097336230790228, 0.38160964253182267, 0.3614594889215187, 0.3410206549061813, 0.324698604350152, 0.3053405626644321, 0.29308353787566627, 0.2794884751563204, 0.26547947447117065, 0.255335101962693, 0.2414600357311301, 0.23287485542246011, 0.22088502099309215, 0.21107355404429567, 0.20106966147901484, 0.19152490062718666, 0.18123712520040228, 0.17376327889378565, 0.16658565327733882, 0.15874779481363235, 0.15132820338337258, 0.14317082516312682, 0.13653896833849571, 0.12937632498101398, 0.12238238555047659, 0.11687002079376951, 0.11148107501809615, 0.10429486820933065, 0.09885759836760785, 0.09368943639286399, 0.08858166092397025, 0.08299893574211822, 0.07834589564443703, 0.07430655397886479]}, "2019": {"N_communities": [1, 1, 2, 3, 4, 5, 6, 6, 8, 8, 9, 12, 14, 19, 23, 28, 32, 34, 39, 44, 47, 54, 54, 59, 61, 66, 71, 75, 81, 80, 82, 88, 91, 93, 98, 101, 104, 108, 115, 119, 122, 128, 128, 134, 147, 146, 157, 162], "Avg_comm_size": [999.0, 999.0, 499.5, 333.0, 249.75, 199.8, 166.5, 166.5, 124.875, 124.875, 111.0, 83.25, 71.35714285714286, 52.578947368421055, 43.43478260869565, 35.67857142857143, 31.21875, 29.38235294117647, 25.615384615384617, 22.704545454545453, 21.25531914893617, 18.5, 18.5, 16.93220338983051, 16.37704918032787, 15.136363636363637, 14.070422535211268, 13.32, 12.333333333333334, 12.4875, 12.182926829268293, 11.352272727272727, 10.978021978021978, 10.741935483870968, 10.193877551020408, 9.891089108910892, 9.60576923076923, 9.25, 8.68695652173913, 8.394957983193278, 8.188524590163935, 7.8046875, 7.8046875, 7.455223880597015, 6.795918367346939, 6.842465753424658, 6.3630573248407645, 6.166666666666667], "Sigma_comm_size": [0.0, 0.0, 79.5, 182.88247592374728, 125.41805093366744, 132.99233060594133, 115.78824062341852, 120.00798584538725, 91.74344322620554, 76.25194669646146, 75.5027593314752, 64.49047087231828, 40.2715907360035, 34.861101515757746, 26.104848936475754, 23.54487140308384, 21.337663846764013, 17.63521661482793, 16.877561168780197, 16.20266468748911, 14.118748791990576, 12.289335937217185, 11.520914958521372, 11.043618307174727, 9.71084223259928, 9.88553636385512, 8.897418431828497, 9.44480103901965, 8.079848427865707, 7.960831850378452, 8.019987301219324, 7.690075913928514, 7.691836720275926, 7.249624722666241, 6.838752367514847, 6.962275987969285, 6.81968061122024, 5.665236747692669, 5.797098550723914, 5.601948171624074, 5.491173196054506, 5.440097933616982, 5.5114349789636226, 5.038087281631807, 4.762293472958992, 4.782514321476574, 4.541602268177934, 4.832056025347675], "Median_comm_size": [999.0, 999.0, 499.5, 413.0, 233.5, 174.0, 137.5, 140.5, 92.5, 119.0, 92.0, 76.0, 79.5, 45.0, 37.0, 30.0, 28.5, 29.5, 24.0, 17.0, 19.0, 14.5, 16.0, 14.0, 15.0, 12.0, 12.0, 11.0, 11.0, 11.0, 10.0, 9.5, 9.0, 9.0, 9.0, 9.0, 8.0, 8.5, 7.0, 7.0, 7.0, 6.5, 6.0, 6.0, 6.0, 6.0, 5.0, 5.0], "Modularity_score": [1.0, 0.9, 0.8240278378130572, 0.7722748517900205, 0.7252231463795185, 0.6936584979391085, 0.6657559183104494, 0.6394614077609216, 0.61971358171059, 0.599278270941467, 0.5803474378185148, 0.5205651632038547, 0.47021704689001637, 0.43743895966493385, 0.4045272486148332, 0.3830699868950778, 0.35931096214837643, 0.337444630504807, 0.3203979872107901, 0.3028921989524727, 0.28709647345548944, 0.27615697344291423, 0.26109152236371247, 0.2510645329546669, 0.2358656835001711, 0.22429607933011225, 0.21343050279467887, 0.20537915321099476, 0.19634129745063444, 0.18822575360163887, 0.1794578572609847, 0.17003022170700133, 0.16071906105108508, 0.15498775327363915, 0.14614039835085202, 0.14038869467578086, 0.13245036092138263, 0.12653091040813852, 0.12073263460494849, 0.11408767547767824, 0.108022822051275, 0.1018277147325706, 0.0969420488715882, 0.09170118944808804, 0.08640184796793507, 0.08038503677692566, 0.07579555368823705, 0.07192472359745114]}, "2020": {"N_communities": [1, 1, 2, 3, 4, 5, 6, 6, 7, 8, 9, 13, 15, 20, 23, 28, 31, 33, 39, 43, 45, 49, 52, 55, 60, 63, 67, 71, 77, 77, 84, 88, 90, 93, 95, 95, 103, 108, 112, 115, 117, 123, 130, 128, 133, 137, 141, 143], "Avg_comm_size": [1025.0, 1025.0, 512.5, 341.6666666666667, 256.25, 205.0, 170.83333333333334, 170.83333333333334, 146.42857142857142, 128.125, 113.88888888888889, 78.84615384615384, 68.33333333333333, 51.25, 44.56521739130435, 36.607142857142854, 33.064516129032256, 31.060606060606062, 26.28205128205128, 23.837209302325583, 22.77777777777778, 20.918367346938776, 19.71153846153846, 18.636363636363637, 17.083333333333332, 16.26984126984127, 15.298507462686567, 14.43661971830986, 13.311688311688311, 13.311688311688311, 12.202380952380953, 11.647727272727273, 11.38888888888889, 11.021505376344086, 10.789473684210526, 10.789473684210526, 9.951456310679612, 9.49074074074074, 9.151785714285714, 8.91304347826087, 8.760683760683762, 8.333333333333334, 7.884615384615385, 8.0078125, 7.706766917293233, 7.481751824817518, 7.2695035460992905, 7.1678321678321675],