{"2018": {"N_communities": [1, 1, 2, 3, 4, 6, 7, 7, 7, 7, 9, 11, 13, 17, 23, 29, 33, 36, 40, 44, 48, 52, 55, 58, 63, 68, 71, 76, 78, 82, 83, 91, 89, 93, 101, 102, 106, 112, 116, 121, 128, 127, 132, 142, 144, 146, 154, 157, 163, 166, 174, 177, 180, 183, 187, 195, 206, 208, 209, 218, 220, 227, 229, 236, 241, 248, 249, 256, 261], "Avg_comm_size": [1001.0, 1001.0, 500.5, 333.6666666666667, 250.25, 166.83333333333334, 143.0, 143.0, 143.0, 143.0, 111.22222222222223, 91.0, 77.0, 58.88235294117647, 43.52173913043478, 34.51724137931034, 30.333333333333332, 27.805555555555557, 25.025, 22.75, 20.854166666666668, 19.25, 18.2, 17.25862068965517, 15.88888888888889, 14.720588235294118, 14.098591549295774, 13.171052631578947, 12.833333333333334, 12.207317073170731, 12.060240963855422, 11.0, 11.247191011235955, 10.763440860215054, 9.910891089108912, 9.813725490196079, 9.443396226415095, 8.9375, 8.629310344827585, 8.272727272727273, 7.8203125, 7.881889763779528, 7.583333333333333, 7.049295774647887, 6.951388888888889, 6.8561643835616435, 6.5, 6.375796178343949, 6.141104294478527, 6.030120481927711, 5.752873563218391, 5.655367231638418, 5.561111111111111, 5.469945355191257, 5.352941176470588, 5.133333333333334, 4.859223300970874, 4.8125, 4.7894736842105265, 4.591743119266055, 4.55, 4.409691629955947, 4.37117903930131, 4.241525423728813, 4.153526970954357, 4.036290322580645, 4.020080321285141, 3.91015625, 3.835249042145594], "Sigma_comm_size": [0.0, 0.0, 67.5, 177.76451339404673, 149.1264144945489, 152.59687269258026, 132.5551098330696, 137.39099575403665, 121.49309210227317, 92.73156343523416, 68.3061373162158, 49.95270490446666, 37.57044665077142, 31.84130198516899, 30.598194839078463, 20.722502660826056, 17.40022059537398, 16.589520528274008, 16.558211708998048, 14.46174420512773, 13.296286422865931, 12.33954711798302, 10.901876402294656, 10.474205335386918, 9.123684703832982, 8.887938933043399, 8.739025197157192, 8.763543139943511, 7.716809269325326, 8.060348302221383, 6.846596899085189, 6.999215026630557, 6.128366350998775, 7.065588043258687, 5.948789726151042, 6.424112652781298, 5.5560271347654435, 5.229178523985798, 5.15539585492011, 5.247588978058841, 5.038032840538433, 4.874187472328802, 4.936017390241619, 4.8503338999172385, 4.66715750560218, 4.4965583886836225, 4.658813738983933, 4.486943568027188, 4.4306203094539685, 4.324801964677328, 4.202061319024429, 4.127883276616105, 3.941466011649429, 3.915490254290026, 3.956113445728051, 3.951327808850014, 3.8597483919506725, 3.8114752721223315, 3.722900064527089, 3.5842834412506077, 3.6534230524263127, 3.520173878373454, 3.4422559004382776, 3.3033323255076024, 3.3812513962228974, 3.30119320259722, 3.327444355255786, 3.199690899225414, 3.1755264497398166], "Median_comm_size": [1001.0, 1001.0, 500.5, 426.0, 217.0, 139.5, 83.0, 93.0, 87.0, 107.0, 93.0, 88.0, 75.0, 62.0, 31.0, 29.0, 30.0, 25.0, 22.0, 19.0, 20.0, 16.5, 18.0, 15.0, 14.0, 12.0, 12.0, 11.0, 12.0, 11.0, 11.0, 10.0, 11.0, 9.0, 9.0, 9.0, 8.5, 8.0, 8.0, 7.0, 6.5, 7.0, 6.0, 6.0, 6.0, 6.0, 5.0, 5.0, 5.0, 5.0, 5.0, 5.0, 5.0, 5.0, 4.0, 4.0, 4.0, 4.0, 4.0, 3.5, 3.0, 3.0, 3.0, 3.0, 3.0, 3.0, 3.0, 3.0, 3.0], "Modularity_score": [1.0, 0.9, 0.8302085297655203, 0.7776367975530396, 0.7379342796794996, 0.7005209307397625, 0.681699260935829, 0.6540315027442634, 0.6302096978158416, 0.6036463660438456, 0.5900826629935076, 0.5306690364442641, 0.4780123563747705, 0.44201713966446915, 0.4077791843322824, 0.3839440352004037, 0.3601896735004539, 0.342437889555286, 0.32494073148029057, 0.30877554057563655, 0.2952426212095058, 0.27944751809140916, 0.26489132304888946, 0.25408827147654117, 0.24270076479706085, 0.2310862189150978, 0.22137914277972176, 0.20970327139782277, 0.20011982797167113, 0.19167047164995288, 0.18187129611152839, 0.17466841554553325, 0.16515423462200365, 0.1585086510197142, 0.15070559837433267, 0.14360387494662513, 0.13620048622486242, 0.1293925648862531, 0.12312882079083001, 0.11661804883244083, 0.11109831046677389, 0.10526904465829456, 0.09827359712867646, 0.09392886254948936, 0.08867373450998182, 0.08395244724124125, 0.07928882774120516, 0.07432645165427366, 0.07027780631651974, 0.06616855731426462, 0.06150277440864326, 0.05782834370704676, 0.05399107452316399, 0.05025784392308242, 0.04647594144974473, 0.04314803890131764, 0.03983263637399318, 0.03618691140121532, 0.03274648877223109, 0.02989286311777711, 0.027057827966890803, 0.02418910503959932, 0.021015552282859774, 0.01796789122850671, 0.0153506488714933, 0.012617511759472623, 0.009762997160219436, 0.007199378682211044, 0.004685269053315131]}, "2019": {"N_communities": [1, 1, 2, 3, 4, 4, 6, 7, 8, 8, 9, 11, 15, 19, 23, 30, 32, 35, 39, 44, 48, 52, 56, 59, 64, 66, 72, 77, 77, 83, 86, 89, 88, 92, 97, 100, 105, 106, 114, 119, 120, 126, 129, 137, 143, 148, 153, 158, 167, 171, 173, 181, 183, 191, 197, 198, 205, 214, 219, 223, 223, 224, 236, 240, 245, 250, 252, 263, 265], "Avg_comm_size": [999.0, 999.0, 499.5, 333.0, 249.75, 249.75, 166.5, 142.71428571428572, 124.875, 124.875, 111.0, 90.81818181818181, 66.6, 52.578947368421055, 43.43478260869565, 33.3, 31.21875, 28.542857142857144, 25.615384615384617, 22.704545454545453, 20.8125, 19.21153846153846, 17.839285714285715, 16.93220338983051, 15.609375, 15.136363636363637, 13.875, 12.974025974025974, 12.974025974025974, 12.036144578313253, 11.616279069767442, 11.224719101123595, 11.352272727272727, 10.858695652173912, 10.29896907216495, 9.99, 9.514285714285714, 9.424528301886792, 8.763157894736842, 8.394957983193278, 8.325, 7.928571428571429, 7.744186046511628, 7.291970802919708, 6.986013986013986, 6.75, 6.529411764705882, 6.322784810126582, 5.982035928143713, 5.842105263157895, 5.77456647398844, 5.519337016574585, 5.459016393442623, 5.230366492146596, 5.071065989847716, 5.045454545454546, 4.873170731707317, 4.668224299065421, 4.561643835616438, 4.479820627802691, 4.479820627802691, 4.459821428571429, 4.233050847457627, 4.1625, 4.077551020408163, 3.996, 3.9642857142857144, 3.7984790874524714, 3.769811320754717], "Sigma_comm_size": [0.0, 0.0, 87.5, 183.65910450251755, 130.1256604209946, 150.84325473815525, 112.6258555276422, 105.64051480065278, 96.51481427739475, 92.99117901715195, 100.02444145752021, 57.70429034280677, 36.881431642494576, 31.541644634679212, 26.143127930609587, 23.197916573117798, 20.93999518714128, 18.972676378929563, 16.30732945895312, 16.668668956860003, 13.710786887824248, 12.279339337122865, 11.518272417762827, 10.980513412682042, 10.237213346872037, 9.769907979524406, 8.79067924944749, 8.437661438146229, 9.474468803907081, 7.862440503933387, 7.4555560749843695, 7.621307813378513, 7.642643183788627, 6.723711322688583, 7.245567359418323, 6.732748324421462, 6.2245509085881405, 5.630020800269139, 5.456852494846077, 5.795127607726272, 5.525942604358706, 5.597871720614318, 5.351633916645438, 5.100680624315182, 5.101742488541029, 4.820949497148259, 4.791139457481702, 4.577419796311892, 4.660283271044137, 4.426618607132677, 4.361025554522664, 4.144611305704083, 4.1485020161346595, 3.9959821931126065, 3.62381090326888, 4.015494553670837, 3.6497259763656227, 3.6541129849389264, 3.5189751830469556, 3.461290871477518, 3.4431052785032588, 3.3935590204466908, 3.429793567063297, 3.2804106069210297, 3.291006006240524, 3.184334153319968, 3.054192130361317, 3.0185229130418842, 2.9861052380487245], "Median_comm_size": [999.0, 999.0, 499.5, 413.0, 230.5, 213.0, 144.0, 94.0, 94.5, 103.5, 93.0, 86.0, 58.0, 44.0, 38.0, 27.0, 27.5, 26.0, 25.0, 16.0, 16.0, 15.5, 15.0, 13.0, 12.0, 13.0, 12.0, 11.0, 11.0, 11.0, 10.0, 10.0, 10.0, 10.0, 9.0, 9.0, 9.0, 8.5, 8.0, 7.0, 7.0, 6.0, 7.0, 6.0, 6.0, 6.0, 5.0, 5.0, 5.0, 5.0, 5.0, 5.0, 5.0, 4.0, 4.0, 4.0, 4.0, 4.0, 4.0, 3.0, 4.0, 4.0, 3.0, 3.0, 3.0, 3.0, 3.0, 3.0, 3.0],