{"2018": {"N_communities": [1, 1, 2, 3, 4, 4, 5, 7, 8, 9, 9, 12, 15, 20, 21, 27, 32, 38, 41, 43, 46, 53, 54, 59, 62, 68, 70, 74, 79, 82, 86, 85, 92, 94, 99, 106, 107, 113, 116, 119, 124, 129, 130, 138, 144, 145, 152, 158, 161, 166, 176, 176, 180, 185, 190, 190, 202, 205, 213, 221, 222, 226, 231, 237, 241, 250, 250, 258, 258], "Avg_comm_size": [1001.0, 1001.0, 500.5, 333.6666666666667, 250.25, 250.25, 200.2, 143.0, 125.125, 111.22222222222223, 111.22222222222223, 83.41666666666667, 66.73333333333333, 50.05, 47.666666666666664, 37.074074074074076, 31.28125, 26.342105263157894, 24.414634146341463, 23.27906976744186, 21.76086956521739, 18.88679245283019, 18.537037037037038, 16.966101694915253, 16.14516129032258, 14.720588235294118, 14.3, 13.527027027027026, 12.670886075949367, 12.207317073170731, 11.63953488372093, 11.776470588235295, 10.880434782608695, 10.648936170212766, 10.11111111111111, 9.443396226415095, 9.355140186915888, 8.858407079646017, 8.629310344827585, 8.411764705882353, 8.07258064516129, 7.75968992248062, 7.7, 7.253623188405797, 6.951388888888889, 6.903448275862069, 6.5855263157894735, 6.3354430379746836, 6.217391304347826, 6.030120481927711, 5.6875, 5.6875, 5.561111111111111, 5.410810810810811, 5.268421052631579, 5.268421052631579, 4.955445544554456, 4.882926829268293, 4.699530516431925, 4.529411764705882, 4.509009009009009, 4.429203539823009, 4.333333333333333, 4.223628691983122, 4.153526970954357, 4.004, 4.004, 3.87984496124031, 3.87984496124031], "Sigma_comm_size": [0.0, 0.0, 68.5, 182.72991605706557, 130.40010544474265, 142.78020696160937, 94.87128121829072, 141.01671633432076, 91.16528601940543, 83.00438780607763, 93.1268880826081, 50.40909033982749, 37.58983314083152, 35.95062586381494, 31.692470689624347, 21.137864789196776, 19.589911904791713, 17.22647337795961, 15.044609454772791, 13.669394742381225, 12.840467251773058, 12.16189591935199, 11.36549841334789, 10.380826690072382, 9.804289341411465, 9.293966398620404, 9.300307214587823, 8.58380463269304, 7.081302746102445, 6.895982932605161, 6.716714296920598, 6.78124831573975, 6.888620722839806, 6.14662586355832, 6.642211036417075, 6.293273121266365, 5.384734977205485, 5.400536283821287, 5.163749927860487, 5.0964013744844285, 5.026018412442003, 5.069708175933133, 5.130077222390741, 5.0116698513163, 4.802097141861724, 4.64212219294378, 4.541394521143908, 4.375725270073567, 4.350620220186664, 4.35672129788122, 4.117460396122392, 4.158652330328355, 3.949914048135012, 3.954319142801497, 3.9665114769024545, 3.9784356396081306, 3.819309336960158, 3.7541458343897025, 3.843639922612751, 3.575342165399081, 3.5612288988759353, 3.5407659142417893, 3.45993352120239, 3.3571811559114817, 3.4239330361434583, 3.127296596103414, 3.348430079903118, 3.224948286225874, 3.2129071055644043], "Median_comm_size": [1001.0, 1001.0, 500.5, 423.0, 238.0, 212.0, 201.0, 85.0, 104.5, 93.0, 75.0, 80.5, 67.0, 39.5, 54.0, 35.0, 30.0, 24.0, 23.0, 22.0, 22.0, 15.0, 16.0, 15.0, 13.0, 13.0, 12.0, 12.0, 11.0, 11.0, 11.0, 11.0, 10.0, 9.0, 9.0, 8.0, 9.0, 8.0, 8.0, 8.0, 7.0, 6.0, 6.5, 6.0, 6.0, 6.0, 6.0, 5.0, 5.0, 5.0, 5.0, 5.0, 5.0, 5.0, 4.0, 4.0, 4.0, 4.0, 4.0, 3.0, 3.5, 3.5, 3.0, 3.0, 3.0, 3.0, 3.0, 3.0, 3.0], "Modularity_score": [1.0, 0.9, 0.83003512347455, 0.7784891951030201, 0.7324747606376983, 0.6989416656686793, 0.672435888154143, 0.6539159934275613, 0.6240804608564522, 0.6123681965128784, 0.5901361905626313, 0.5211625355017299, 0.47395544469845896, 0.4393631427297057, 0.41074087564475137, 0.38134704585471757, 0.35854298376081817, 0.34064581943847727, 0.3232443523387451, 0.3050952384825371, 0.2924495986530015, 0.2800020556138637, 0.26550122751065147, 0.25412005121125525, 0.24217893563414883, 0.23115751580236887, 0.2205248360138671, 0.21094945544857777, 0.2003632340327075, 0.19117129008232367, 0.18221641962942953, 0.17390556732134166, 0.1665642949121225, 0.15847095118855364, 0.15042676216482237, 0.1435265468876398, 0.13599947392479167, 0.12934078435886845, 0.12358702110023621, 0.11721469483959913, 0.11130303999573049, 0.10495766479514225, 0.09806321524466555, 0.093444647801807, 0.08846923216627724, 0.08374082099182198, 0.07930018306520517, 0.07376471937600135, 0.0704244608079285, 0.06588730468519845, 0.061474116905827596, 0.05790741929644611, 0.05377158003991189, 0.04997407462402772, 0.04693325682304515, 0.04296364047922708, 0.03955289652049217, 0.03669504704947385, 0.03313121855872779, 0.029862524139404125, 0.026430843552778412, 0.024018017943449283, 0.021148472564270705, 0.01818640226965405, 0.015107099591659076, 0.012512333487975567, 0.009650994538901485, 0.0073058221004634934, 0.0047172263026690215]}, "2019": {"N_communities": [1, 1, 2, 2, 3, 5, 5, 7, 7, 7, 9, 10, 15, 18, 24, 27, 29, 35, 37, 45, 46, 52, 54, 61, 61, 66, 69, 76, 83, 81, 83, 89, 91, 93, 97, 100, 106, 110, 117, 118, 123, 126, 131, 137, 147, 149, 151, 160, 166, 170, 174, 181, 185, 190, 195, 201, 203, 212, 216, 223, 225, 227, 231, 238, 244, 249, 256, 261, 267], "Avg_comm_size": [999.0, 999.0, 499.5, 499.5, 333.0, 199.8, 199.8, 142.71428571428572, 142.71428571428572, 142.71428571428572, 111.0, 99.9, 66.6, 55.5, 41.625, 37.0, 34.44827586206897, 28.542857142857144, 27.0, 22.2, 21.717391304347824, 19.21153846153846, 18.5, 16.37704918032787, 16.37704918032787, 15.136363636363637, 14.478260869565217, 13.144736842105264, 12.036144578313253, 12.333333333333334, 12.036144578313253, 11.224719101123595, 10.978021978021978, 10.741935483870968, 10.29896907216495, 9.99, 9.424528301886792, 9.081818181818182, 8.538461538461538, 8.466101694915254, 8.121951219512194, 7.928571428571429, 7.625954198473282, 7.291970802919708, 6.795918367346939, 6.704697986577181, 6.6158940397351, 6.24375, 6.018072289156627, 5.876470588235295, 5.741379310344827, 5.519337016574585, 5.4, 5.257894736842105, 5.123076923076923, 4.970149253731344, 4.921182266009852, 4.712264150943396, 4.625, 4.479820627802691, 4.44, 4.400881057268722, 4.324675324675325, 4.197478991596639, 4.094262295081967, 4.0120481927710845, 3.90234375, 3.8275862068965516, 3.741573033707865], "Sigma_comm_size": [0.0, 0.0, 75.5, 42.5, 179.45658713646225, 130.60689108925303, 140.2089868731673, 120.57329043924669, 98.19618014932335, 93.17221272723857, 82.65456900727132, 63.11489523084071, 36.578317803493, 34.301360517235075, 31.781562396039206, 22.492797201013616, 20.285184345327014, 18.655283215130634, 15.888122369632997, 14.585533167415507, 13.895046104212293, 11.349917889336227, 11.60260187933596, 10.790347742654884, 11.45792579063989, 9.53603431271213, 8.697173779914602, 8.811929634201373, 8.152826079803914, 8.035415436339797, 7.276709476018278, 7.803417299511113, 7.690407928673686, 6.837441554162664, 6.892645039331325, 6.386697111966403, 5.628344897652848, 5.66188503492965, 5.3117165470185945, 5.60066915401267, 5.823397390557523, 5.559460079169746, 5.2775426242309, 5.164675898624584, 5.113592365225239, 4.883204135289524, 4.765856666288534, 4.760182342883516, 4.572670111278694, 4.564830956442928, 4.313412701328929, 4.30416881333814, 4.304868394259213, 4.0990134614734695, 3.943866483571254, 3.920745243101803, 3.842168745801335, 3.755152506266372, 3.4805178680233246, 3.4742223008363045, 3.3462682365750527, 3.447862022718259, 3.3190055822127036, 3.392848687452065, 3.240896434891601, 3.2070228255034214, 3.0094633253847665, 2.9680555829899475, 2.8946344133565773], "Median_comm_size": [999.0, 999.0, 499.5, 499.5, 415.0, 208.0, 113.0, 89.0, 125.0, 115.0, 92.0, 92.0, 68.0, 58.0, 35.0, 32.0, 28.0, 26.0, 23.0, 19.0, 19.0, 16.0, 15.0, 13.0, 13.0, 12.0, 13.0, 12.0, 11.0, 11.0, 11.0, 9.0, 10.0, 9.0, 9.0, 9.0, 8.5, 8.0, 7.0, 7.5, 7.0, 6.0, 6.0, 6.0, 6.0, 5.0, 5.0, 5.0, 5.0, 5.0, 5.0, 5.0, 4.0, 4.0, 4.0, 4.0, 4.0, 4.0, 4.0, 3.0, 4.0, 4.0, 3.0, 3.0, 3.0, 3.0, 3.0, 3.0, 3.0],