{"2018": {"N_communities": [1, 2, 4, 6, 6, 7, 10, 12, 13, 19, 22, 28, 33, 35, 40, 44, 47, 53, 53, 60, 64, 70, 76, 80, 82, 83, 90, 92, 96, 100, 106, 110, 111, 118, 120, 126, 127, 136, 142, 146, 152, 158, 158, 167, 168, 173, 177, 183, 187, 195, 203, 211, 214], "Avg_comm_size": [1001.0, 500.5, 250.25, 166.83333333333334, 166.83333333333334, 143.0, 100.1, 83.41666666666667, 77.0, 52.68421052631579, 45.5, 35.75, 30.333333333333332, 28.6, 25.025, 22.75, 21.29787234042553, 18.88679245283019, 18.88679245283019, 16.683333333333334, 15.640625, 14.3, 13.171052631578947, 12.5125, 12.207317073170731, 12.060240963855422, 11.122222222222222, 10.880434782608695, 10.427083333333334, 10.01, 9.443396226415095, 9.1, 9.018018018018019, 8.483050847457626, 8.341666666666667, 7.944444444444445, 7.881889763779528, 7.360294117647059, 7.049295774647887, 6.8561643835616435, 6.5855263157894735, 6.3354430379746836, 6.3354430379746836, 5.994011976047904, 5.958333333333333, 5.786127167630058, 5.655367231638418, 5.469945355191257, 5.352941176470588, 5.133333333333334, 4.931034482758621, 4.7440758293838865, 4.677570093457944], "Sigma_comm_size": [0.0, 73.5, 150.91947356123399, 115.27419003787834, 105.6131567982365, 96.13086318733883, 49.08451894436779, 39.64521478760779, 33.745654990964844, 29.18913393998193, 27.52643357673757, 22.23354126410944, 18.507437762295798, 17.88407112488653, 15.557132608549686, 13.823769055836072, 12.992493567059636, 12.164998316944553, 11.082299974757452, 10.843572084675582, 10.302255801977303, 10.330744683433316, 9.479046362614666, 8.390461474197949, 7.9060609736440055, 7.876072346327643, 7.490479554115164, 7.471456396214148, 7.168717911388029, 6.455222691743485, 6.410604699760354, 6.350304216048521, 6.310269025235496, 6.124046865787661, 5.8786277215766, 5.240722044575622, 5.191777528853468, 5.279918663195996, 5.021541574631917, 4.960100703279791, 4.8156052236827005, 4.632863837343261, 4.610953880683833, 4.47012304883354, 4.436528789314085, 4.259695981717564, 4.182271840339513, 3.962656764204254, 3.797484308250148, 3.8314041968523913, 3.79202850867891, 3.753153552236701, 3.698163434347241], "Median_comm_size": [1001.0, 500.5, 215.5, 144.0, 158.0, 124.0, 97.0, 85.5, 80.0, 55.0, 43.5, 29.5, 28.0, 27.0, 24.5, 23.5, 20.0, 16.0, 16.0, 15.0, 14.0, 13.0, 11.0, 11.0, 11.0, 11.0, 10.0, 10.0, 9.0, 9.0, 9.0, 8.0, 8.0, 7.0, 7.0, 7.0, 7.0, 6.0, 6.0, 6.0, 5.0, 5.0, 5.0, 5.0, 5.0, 5.0, 5.0, 5.0, 5.0, 4.0, 4.0, 4.0, 4.0], "Modularity_score": [0.0, 0.42594033576037416, 0.5281953837505108, 0.5803850109682843, 0.582151106583839, 0.5853419848395155, 0.5764297195024911, 0.5683549669298386, 0.5610864952977456, 0.5384659035472172, 0.5309415985579653, 0.5011588042709199, 0.47377944927749516, 0.46804460866867104, 0.45956566856728526, 0.4517191605016122, 0.44491972131294827, 0.43178526809951817, 0.423327612879073, 0.4172307258204598, 0.41088414956548475, 0.3975760764567171, 0.38819623438100115, 0.3776688925069504, 0.37032955012104124, 0.37005037132497076, 0.3552662380112231, 0.3554549374274474, 0.35139140044394274, 0.34217453009722365, 0.32898251710450005, 0.3253929129283122, 0.32274690506544357, 0.3129214495804596, 0.3106852598738318, 0.29917337020042895, 0.29533192590005797, 0.2818095754268471, 0.27746466988827556, 0.2551987406404693, 0.2498475585624832, 0.2460461118153973, 0.24206106961437826, 0.23713953299395885, 0.2361676266803388, 0.23128389921704653, 0.22333844485228097, 0.21440099653528624, 0.212906090775324, 0.20792464525012205, 0.2025931543044353, 0.19529307901934043, 0.19307980606284614]}, "2019": {"N_communities": [1, 2, 3, 6, 6, 7, 10, 13, 15, 22, 24, 28, 34, 37, 40, 44, 48, 51, 59, 65, 69, 70, 70, 77, 80, 82, 92, 92, 95, 100, 104, 108, 110, 115, 118, 122, 123, 129, 135, 144, 150, 156, 159, 167, 171, 180, 185, 188, 194, 197, 200, 206, 213], "Avg_comm_size": [999.0, 499.5, 333.0, 166.5, 166.5, 142.71428571428572, 99.9, 76.84615384615384, 66.6, 45.40909090909091, 41.625, 35.67857142857143, 29.38235294117647, 27.0, 24.975, 22.704545454545453, 20.8125, 19.58823529411765, 16.93220338983051, 15.36923076923077, 14.478260869565217, 14.271428571428572, 14.271428571428572, 12.974025974025974, 12.4875, 12.182926829268293, 10.858695652173912, 10.858695652173912, 10.51578947368421, 9.99, 9.60576923076923, 9.25, 9.081818181818182, 8.68695652173913, 8.466101694915254, 8.188524590163935, 8.121951219512194, 7.744186046511628, 7.4, 6.9375, 6.66, 6.403846153846154, 6.283018867924528, 5.982035928143713, 5.842105263157895, 5.55, 5.4, 5.3138297872340425, 5.149484536082475, 5.071065989847716, 4.995, 4.849514563106796, 4.690140845070423], "Sigma_comm_size": [0.0, 70.5, 116.31279665912373, 126.41037668377281, 104.85505869214578, 94.36511807974428, 50.06485793448335, 41.152336420905776, 40.29855249675022, 28.67634294375939, 27.1949941778507, 24.400019864495093, 20.516872118392982, 16.88914572271917, 15.90831150688218, 15.156126192303386, 14.109181777008427, 13.02813918452299, 11.800408505970678, 10.752558523109716, 9.859312813241011, 9.282735786042249, 9.298112601984538, 9.210347125985182, 9.249315853078, 7.989517597056184, 7.734144400192213, 6.538483938323947, 6.747885685074738, 7.068939100034743, 6.928783705604705, 6.310081586606438, 6.094903710451004, 6.0106647500289085, 5.941354926491053, 5.807473939749599, 5.312334727573467, 5.361763955040612, 5.135497379352202, 5.029384143323227, 4.9864215626037875, 4.976584718811773, 4.948962251262771, 4.821947148000523, 4.75033814869335, 4.537834774916826, 4.449354644974568, 4.398067783282423, 4.2961652455150245, 4.109543848204492, 4.078599637130372, 3.8379397230479113, 3.7998945474462786], "Median_comm_size": [999.0, 499.5, 262.0, 124.5, 154.5, 123.0, 90.5, 72.0, 74.0, 41.5, 38.0, 26.5, 24.0, 23.0, 24.5, 16.5, 17.5, 17.0, 15.0, 14.0, 14.0, 13.0, 13.0, 12.0, 11.0, 11.0, 9.5, 10.0, 9.0, 9.0, 9.0, 8.0, 8.0, 7.0, 7.0, 7.0, 7.0, 6.0, 6.0, 6.0, 6.0, 5.0, 5.0, 5.0, 5.0, 5.0, 4.0, 4.0, 4.0, 4.0, 4.0, 4.0, 4.0], "Modularity_score": [0.0, 0.4154980212329693, 0.4978088807004517, 0.5626578634223245, 0.5725687078755928, 0.5744591553335524, 0.5749843554642419, 0.5528536506913748, 0.558144060779177, 0.5282682282914295, 0.5152776003775648, 0.500018915648107, 0.48097609639530875, 0.4645448739213208, 0.4581062325127832, 0.44569503635666974, 0.4402840167824551, 0.4311146895610688, 0.41765749377496275, 0.41039744592965904, 0.39032957239001337, 0.3892720899215901, 0.38819764840116405, 0.37880683049452185, 0.37249174115892275, 0.36569259092593365, 0.3464884706941313, 0.3408079332763116, 0.3358334873539615, 0.33150286844655724, 0.32717262325978974, 0.3161604094643429, 0.3081549390392186, 0.3038565275540641, 0.29966614561943966, 0.2940583057419071, 0.2891621637341538, 0.26796232831554223, 0.26566694965359844, 0.2576214783412552, 0.25211927348277785, 0.24904473508296504, 0.2440580071472899, 0.23066195185212068, 0.22975096558317742, 0.22372203658951442, 0.217758216889961, 0.21522112630477205, 0.20727407904001288, 0.19872099023531486, 0.1965845693884029, 0.19382601856805765, 0.1911798899568281]}, "2020": {"N_communities": [1, 2, 4, 6, 7, 8, 11, 12, 17, 19, 25, 28, 30, 35, 40, 44, 46, 52, 58, 60, 63, 67, 71, 75, 79, 82, 87, 89, 91, 94, 100, 106, 109, 114, 117, 117, 121, 128, 129, 132, 139, 144, 148, 154, 159, 165, 173, 179, 188, 194, 196, 198, 202],